sample	Target	chr	start	end	len	GC_content	gene	exon_index	amplicon	gene_exon	log2_raw	log2_gc
mi0105-CRCCL-SNU1197-T	chr5:112707718-112707882	chr5	112707718	112707882	165	0.696969696969697	APC	1	amplicon1	APC_amplicon1	-0.197758270412709	-0.139748859168996
mi0105-CRCCL-SNU1197-T	chr5:112754873-112754884	chr5	112754873	112754884	12	0.583333333333333	APC	2	amplicon2	APC_amplicon2	-0.166862503313787	-0.0976217190340629
mi0105-CRCCL-SNU1197-T	chr5:112754891-112755025	chr5	112754891	112755025	135	0.385185185185185	APC	3	amplicon3	APC_amplicon3	-0.126259757601201	-0.251142307677441
mi0105-CRCCL-SNU1197-T	chr5:112766326-112766410	chr5	112766326	112766410	85	0.352941176470588	APC	4	amplicon4	APC_amplicon4	-0.116503891504804	-0.22153500834513
mi0105-CRCCL-SNU1197-T	chr5:112767189-112767390	chr5	112767189	112767390	202	0.430693069306931	APC	5	amplicon5	APC_amplicon5	-0.0957578534339923	-0.184039477539232
mi0105-CRCCL-SNU1197-T	chr5:112775629-112775737	chr5	112775629	112775737	109	0.339449541284404	APC	6	amplicon6	APC_amplicon6	-0.0241654174106396	-0.109692403601198
mi0105-CRCCL-SNU1197-T	chr5:112780790-112780903	chr5	112780790	112780903	114	0.421052631578947	APC	7	amplicon7	APC_amplicon7	-0.116651502823806	-0.224525511309407
mi0105-CRCCL-SNU1197-T	chr5:112792446-112792529	chr5	112792446	112792529	84	0.428571428571429	APC	8	amplicon8	APC_amplicon8	-0.170904220463597	-0.264873925332867
mi0105-CRCCL-SNU1197-T	chr5:112801279-112801383	chr5	112801279	112801383	105	0.485714285714286	APC	9	amplicon9	APC_amplicon9	-0.0479481457987335	0.0894418279161681
mi0105-CRCCL-SNU1197-T	chr5:112810126-112810155	chr5	112810126	112810155	30	0.333333333333333	APC	10	amplicon10	APC_amplicon10	-0.0715158342496543	-0.145873726032915
mi0105-CRCCL-SNU1197-T	chr5:112815495-112815593	chr5	112815495	112815593	99	0.484848484848485	APC	11	amplicon11	APC_amplicon11	-0.300292915821991	-0.165154227237869
mi0105-CRCCL-SNU1197-T	chr5:112818966-112819344	chr5	112818966	112819344	379	0.482849604221636	APC	12	amplicon12	APC_amplicon12	-0.288232851577628	-0.159788936073405
mi0105-CRCCL-SNU1197-T	chr5:112821896-112821991	chr5	112821896	112821991	96	0.40625	APC	13	amplicon13	APC_amplicon13	-0.146233403106271	-0.267599333996721
mi0105-CRCCL-SNU1197-T	chr5:112823307-112823360	chr5	112823307	112823360	54	0.592592592592593	APC	14	amplicon14	APC_amplicon14	-0.332732339786081	-0.275502737596957
mi0105-CRCCL-SNU1197-T	chr5:112827108-112827247	chr5	112827108	112827247	140	0.421428571428571	APC	15	amplicon15	APC_amplicon15	-0.14191236328846	-0.249263464104544
mi0105-CRCCL-SNU1197-T	chr5:112827929-112828006	chr5	112827929	112828006	78	0.461538461538462	APC	16	amplicon16	APC_amplicon16	-0.118181041904425	-0.0959430241415619
mi0105-CRCCL-SNU1197-T	chr5:112828856-112828972	chr5	112828856	112828972	117	0.376068376068376	APC	17	amplicon17	APC_amplicon17	-0.132827559939354	-0.255296927434975
mi0105-CRCCL-SNU1197-T	chr5:112834951-112835165	chr5	112834951	112835165	215	0.427906976744186	APC	18	amplicon18	APC_amplicon18	-0.0922204913119357	-0.187667809863104
mi0105-CRCCL-SNU1197-T	chr5:112837553-112844126	chr5	112837553	112844126	6574	0.407058107696988	APC	19	amplicon19	APC_amplicon19	-0.140146051010077	-0.261237068856138
mi0105-CRCCL-SNU1197-T	chr1:26696404-26697540	chr1	26696404	26697540	1137	0.768689533861038	ARID1A	1	amplicon1	ARID1A_amplicon1	-0.853603515752364	-0.657036939997477
mi0105-CRCCL-SNU1197-T	chr1:26729651-26729863	chr1	26729651	26729863	213	0.619718309859155	ARID1A	2	amplicon2	ARID1A_amplicon2	-0.245108231564995	-0.216890573533748
mi0105-CRCCL-SNU1197-T	chr1:26731152-26731604	chr1	26731152	26731604	453	0.613686534216336	ARID1A	3	amplicon3	ARID1A_amplicon3	-0.591213200619587	-0.558576419540562
mi0105-CRCCL-SNU1197-T	chr1:26732676-26732792	chr1	26732676	26732792	117	0.521367521367521	ARID1A	4	amplicon4	ARID1A_amplicon4	-0.322694203136587	-0.162885026230641
mi0105-CRCCL-SNU1197-T	chr1:26760856-26761096	chr1	26760856	26761096	241	0.5850622406639	ARID1A	5	amplicon5	ARID1A_amplicon5	-0.280183630821712	-0.212963161789868
mi0105-CRCCL-SNU1197-T	chr1:26761384-26761473	chr1	26761384	26761473	90	0.566666666666667	ARID1A	6	amplicon6	ARID1A_amplicon6	-0.378629016471799	-0.290071072209702
mi0105-CRCCL-SNU1197-T	chr1:26762152-26762319	chr1	26762152	26762319	168	0.607142857142857	ARID1A	7	amplicon7	ARID1A_amplicon7	-0.309482246745531	-0.270479112107279
mi0105-CRCCL-SNU1197-T	chr1:26762973-26763285	chr1	26762973	26763285	313	0.575079872204473	ARID1A	8	amplicon8	ARID1A_amplicon8	-0.379011912656016	-0.300457070648563
mi0105-CRCCL-SNU1197-T	chr1:26766221-26766366	chr1	26766221	26766366	146	0.527397260273973	ARID1A	9	amplicon9	ARID1A_amplicon9	-0.236484489398777	-0.089274978208085
mi0105-CRCCL-SNU1197-T	chr1:26766457-26766566	chr1	26766457	26766566	110	0.509090909090909	ARID1A	10	amplicon10	ARID1A_amplicon10	-0.304049637624207	-0.132283887748042
mi0105-CRCCL-SNU1197-T	chr1:26767790-26767999	chr1	26767790	26767999	210	0.5	ARID1A	11	amplicon11	ARID1A_amplicon11	-0.399811946092896	-0.229137962302211
mi0105-CRCCL-SNU1197-T	chr1:26771119-26771326	chr1	26771119	26771326	208	0.504807692307692	ARID1A	12	amplicon12	ARID1A_amplicon12	-0.340459292247218	-0.169565650275975
mi0105-CRCCL-SNU1197-T	chr1:26772500-26772632	chr1	26772500	26772632	133	0.578947368421053	ARID1A	13	amplicon13	ARID1A_amplicon13	-0.436442700476067	-0.361971715723641
mi0105-CRCCL-SNU1197-T	chr1:26772812-26772987	chr1	26772812	26772987	176	0.482954545454545	ARID1A	14	amplicon14	ARID1A_amplicon14	-0.303601438499884	-0.174868344296503
mi0105-CRCCL-SNU1197-T	chr1:26773346-26773496	chr1	26773346	26773496	151	0.615894039735099	ARID1A	15	amplicon15	ARID1A_amplicon15	-0.491796269133568	-0.460943838059901
mi0105-CRCCL-SNU1197-T	chr1:26773580-26773717	chr1	26773580	26773717	138	0.623188405797102	ARID1A	16	amplicon16	ARID1A_amplicon16	-0.368306039944055	-0.341991012113024
mi0105-CRCCL-SNU1197-T	chr1:26773802-26773898	chr1	26773802	26773898	97	0.536082474226804	ARID1A	17	amplicon17	ARID1A_amplicon17	-0.455788532390421	-0.329865135288824
mi0105-CRCCL-SNU1197-T	chr1:26774329-26775220	chr1	26774329	26775220	892	0.597533632286996	ARID1A	18	amplicon18	ARID1A_amplicon18	-0.493428932793024	-0.442350037845523
mi0105-CRCCL-SNU1197-T	chr1:26775577-26775707	chr1	26775577	26775707	131	0.519083969465649	ARID1A	19	amplicon19	ARID1A_amplicon19	-0.279042061370614	-0.115599271527024
mi0105-CRCCL-SNU1197-T	chr1:26775817-26775900	chr1	26775817	26775900	84	0.428571428571429	ARID1A	20	amplicon20	ARID1A_amplicon20	-0.280282430969931	-0.374252135839202
mi0105-CRCCL-SNU1197-T	chr1:26779023-26780756	chr1	26779023	26780756	1734	0.546136101499423	ARID1A	21	amplicon21	ARID1A_amplicon21	-0.37329164932091	-0.267246315593105
mi0105-CRCCL-SNU1197-T	chr7:140726494-140726516	chr7	140726494	140726516	23	0.434782608695652	BRAF	1	amplicon1	BRAF_amplicon1	0.400742638340749	0.325049481695665
mi0105-CRCCL-SNU1197-T	chr7:140734597-140734770	chr7	140734597	140734770	174	0.5	BRAF	2	amplicon2	BRAF_amplicon2	0.308802976796245	0.479476960586929
mi0105-CRCCL-SNU1197-T	chr7:140739812-140739946	chr7	140739812	140739946	135	0.42962962962963	BRAF	3	amplicon3	BRAF_amplicon3	0.422782331641257	0.331424622048783
mi0105-CRCCL-SNU1197-T	chr7:140747415-140747447	chr7	140747415	140747447	33	0.393939393939394	BRAF	4	amplicon4	BRAF_amplicon4	0.407986157573143	0.281615992447562
mi0105-CRCCL-SNU1197-T	chr7:140748932-140749052	chr7	140748932	140749052	121	0.380165289256198	BRAF	5	amplicon5	BRAF_amplicon5	0.462944606999445	0.339157242580171
mi0105-CRCCL-SNU1197-T	chr7:140749287-140749418	chr7	140749287	140749418	132	0.378787878787879	BRAF	6	amplicon6	BRAF_amplicon6	0.396247699085335	0.272860135269347
mi0105-CRCCL-SNU1197-T	chr7:140753275-140753393	chr7	140753275	140753393	119	0.394957983193277	BRAF	7	amplicon7	BRAF_amplicon7	0.345785540812851	0.219378799212468
mi0105-CRCCL-SNU1197-T	chr7:140754187-140754233	chr7	140754187	140754233	47	0.404255319148936	BRAF	8	amplicon8	BRAF_amplicon8	0.4701003147967	0.347346049890882
mi0105-CRCCL-SNU1197-T	chr7:140773346-140773406	chr7	140773346	140773406	61	0.409836065573771	BRAF	9	amplicon9	BRAF_amplicon9	0.338095498734436	0.218601594610812
mi0105-CRCCL-SNU1197-T	chr7:140776912-140777088	chr7	140776912	140777088	177	0.440677966101695	BRAF	10	amplicon10	BRAF_amplicon10	0.424459584130173	0.370781149042407
mi0105-CRCCL-SNU1197-T	chr7:140777991-140778075	chr7	140777991	140778075	85	0.435294117647059	BRAF	11	amplicon11	BRAF_amplicon11	0.454246434250148	0.380276549799114
mi0105-CRCCL-SNU1197-T	chr7:140781576-140781693	chr7	140781576	140781693	118	0.457627118644068	BRAF	12	amplicon12	BRAF_amplicon12	0.331388011389728	0.336815348072952
mi0105-CRCCL-SNU1197-T	chr7:140783021-140783157	chr7	140783021	140783157	137	0.489051094890511	BRAF	13	amplicon13	BRAF_amplicon13	0.322780193663623	0.474624859454534
mi0105-CRCCL-SNU1197-T	chr7:140785689-140785808	chr7	140785689	140785808	120	0.525	BRAF	14	amplicon14	BRAF_amplicon14	0.194509852755315	0.346633163870905
mi0105-CRCCL-SNU1197-T	chr7:140787548-140787584	chr7	140787548	140787584	37	0.45945945945946	BRAF	15	amplicon15	BRAF_amplicon15	0.366927046591932	0.379389458624138
mi0105-CRCCL-SNU1197-T	chr7:140794308-140794467	chr7	140794308	140794467	160	0.45	BRAF	16	amplicon16	BRAF_amplicon16	0.420593806387739	0.398446376568429
mi0105-CRCCL-SNU1197-T	chr7:140800362-140800481	chr7	140800362	140800481	120	0.525	BRAF	17	amplicon17	BRAF_amplicon17	0.333320444519705	0.485443755635295
mi0105-CRCCL-SNU1197-T	chr7:140801412-140801560	chr7	140801412	140801560	149	0.389261744966443	BRAF	18	amplicon18	BRAF_amplicon18	0.362559053573772	0.237313884278015
mi0105-CRCCL-SNU1197-T	chr7:140807960-140808062	chr7	140807960	140808062	103	0.407766990291262	BRAF	19	amplicon19	BRAF_amplicon19	0.439878327952514	0.318910130694279
mi0105-CRCCL-SNU1197-T	chr7:140808295-140808316	chr7	140808295	140808316	22	0.454545454545455	BRAF	20	amplicon20	BRAF_amplicon20	0.315730804178383	0.311389827537993
mi0105-CRCCL-SNU1197-T	chr7:140808892-140808995	chr7	140808892	140808995	104	0.471153846153846	BRAF	21	amplicon21	BRAF_amplicon21	0.496713635852965	0.569002206914674
mi0105-CRCCL-SNU1197-T	chr7:140834594-140834872	chr7	140834594	140834872	279	0.437275985663082	BRAF	22	amplicon22	BRAF_amplicon22	0.376232831365998	0.310407389781325
mi0105-CRCCL-SNU1197-T	chr7:140850111-140850212	chr7	140850111	140850212	102	0.392156862745098	BRAF	23	amplicon23	BRAF_amplicon23	0.529483012731355	0.402885955182714
mi0105-CRCCL-SNU1197-T	chr7:140924566-140924703	chr7	140924566	140924703	138	0.77536231884058	BRAF	24	amplicon24	BRAF_amplicon24	-0.127880704736347	0.0881898770616113
mi0105-CRCCL-SNU1197-T	chr12:4274041-4274235	chr12	4274041	4274235	195	0.635897435897436	CCND2	1	amplicon1	CCND2_amplicon1	-0.249690163729733	-0.226827593391162
mi0105-CRCCL-SNU1197-T	chr12:4276005-4276220	chr12	4276005	4276220	216	0.564814814814815	CCND2	2	amplicon2	CCND2_amplicon2	-0.395128528110056	-0.305085883332884
mi0105-CRCCL-SNU1197-T	chr12:4277221-4277270	chr12	4277221	4277270	50	0.54	CCND2	3	amplicon3	CCND2_amplicon3	-0.199741214542206	-0.0821106227458229
mi0105-CRCCL-SNU1197-T	chr12:4278760-4278919	chr12	4278760	4278919	160	0.56875	CCND2	4	amplicon4	CCND2_amplicon4	-0.287076243456728	-0.200669673298225
mi0105-CRCCL-SNU1197-T	chr12:4279920-4279969	chr12	4279920	4279969	50	0.4	CCND2	5	amplicon5	CCND2_amplicon5	-0.151251555700243	-0.275899039559934
mi0105-CRCCL-SNU1197-T	chr12:4280970-4281019	chr12	4280970	4281019	50	0.64	CCND2	6	amplicon6	CCND2_amplicon6	-0.405003197731806	-0.38223272083765
mi0105-CRCCL-SNU1197-T	chr12:4282020-4282069	chr12	4282020	4282069	50	0.56	CCND2	7	amplicon7	CCND2_amplicon7	-0.246841926228475	-0.153376509947643
mi0105-CRCCL-SNU1197-T	chr12:4283070-4283119	chr12	4283070	4283119	50	0.44	CCND2	8	amplicon8	CCND2_amplicon8	-0.281978404643042	-0.337704205484446
mi0105-CRCCL-SNU1197-T	chr12:4284120-4284169	chr12	4284120	4284169	50	0.58	CCND2	9	amplicon9	CCND2_amplicon9	-0.216113599098195	-0.14280276113848
mi0105-CRCCL-SNU1197-T	chr12:4285170-4285219	chr12	4285170	4285219	50	0.58	CCND2	10	amplicon10	CCND2_amplicon10	-0.152028962810717	-0.0787181248510022
mi0105-CRCCL-SNU1197-T	chr12:4286220-4286269	chr12	4286220	4286269	50	0.44	CCND2	11	amplicon11	CCND2_amplicon11	-0.128922540614694	-0.184648341456098
mi0105-CRCCL-SNU1197-T	chr12:4287270-4287319	chr12	4287270	4287319	50	0.52	CCND2	12	amplicon12	CCND2_amplicon12	-0.297874473954945	-0.135399634303401
mi0105-CRCCL-SNU1197-T	chr12:4288842-4288990	chr12	4288842	4288990	149	0.543624161073826	CCND2	13	amplicon13	CCND2_amplicon13	-0.144116485328624	-0.0344425039439407
mi0105-CRCCL-SNU1197-T	chr12:4289991-4290040	chr12	4289991	4290040	50	0.54	CCND2	14	amplicon14	CCND2_amplicon14	-0.248471132770643	-0.13084054097426
mi0105-CRCCL-SNU1197-T	chr12:4291041-4291090	chr12	4291041	4291090	50	0.32	CCND2	15	amplicon15	CCND2_amplicon15	-0.462724640352177	-0.507687587959604
mi0105-CRCCL-SNU1197-T	chr12:4292091-4292140	chr12	4292091	4292140	50	0.26	CCND2	16	amplicon16	CCND2_amplicon16	-0.184614856833363	-0.158808550508539
mi0105-CRCCL-SNU1197-T	chr12:4293141-4293190	chr12	4293141	4293190	50	0.5	CCND2	17	amplicon17	CCND2_amplicon17	-0.119169191524622	0.0515047922660619
mi0105-CRCCL-SNU1197-T	chr12:4294191-4294240	chr12	4294191	4294240	50	0.5	CCND2	18	amplicon18	CCND2_amplicon18	-0.317165353840259	-0.146491370049575
mi0105-CRCCL-SNU1197-T	chr12:4295241-4295290	chr12	4295241	4295290	50	0.38	CCND2	19	amplicon19	CCND2_amplicon19	-0.16480714036625	-0.288548660916987
mi0105-CRCCL-SNU1197-T	chr12:4296291-4296340	chr12	4296291	4296340	50	0.64	CCND2	20	amplicon20	CCND2_amplicon20	-0.204300145718233	-0.181529668824077
mi0105-CRCCL-SNU1197-T	chr12:4297757-4297950	chr12	4297757	4297950	194	0.561855670103093	CCND2	21	amplicon21	CCND2_amplicon21	-0.245984061599316	-0.15377068215015
mi0105-CRCCL-SNU1197-T	chr12:4299860-4300009	chr12	4299860	4300009	150	0.566666666666667	CCND2	22	amplicon22	CCND2_amplicon22	-0.229567253017658	-0.141009308755561
mi0105-CRCCL-SNU1197-T	chr3:41224069-41224081	chr3	41224069	41224081	13	0.461538461538462	CTNNB1	1	amplicon1	CTNNB1_amplicon1	-0.984889156960216	-0.962651139197354
mi0105-CRCCL-SNU1197-T	chr3:41224526-41224759	chr3	41224526	41224759	234	0.491452991452992	CTNNB1	2	amplicon2	CTNNB1_amplicon2	-1.09878295006527	-0.94004688173098
mi0105-CRCCL-SNU1197-T	chr3:41224954-41225207	chr3	41224954	41225207	254	0.456692913385827	CTNNB1	3	amplicon3	CTNNB1_amplicon3	-1.04855487203078	-1.04614945730187
mi0105-CRCCL-SNU1197-T	chr3:41225334-41225572	chr3	41225334	41225572	239	0.472803347280335	CTNNB1	4	amplicon4	CTNNB1_amplicon4	-1.05233324940626	-0.972339461724304
mi0105-CRCCL-SNU1197-T	chr3:41225660-41225861	chr3	41225660	41225861	202	0.400990099009901	CTNNB1	5	amplicon5	CTNNB1_amplicon5	-1.02075799432972	-1.14491714574402
mi0105-CRCCL-SNU1197-T	chr3:41227208-41227352	chr3	41227208	41227352	145	0.441379310344828	CTNNB1	6	amplicon6	CTNNB1_amplicon6	-1.01449377874309	-1.06604485157475
mi0105-CRCCL-SNU1197-T	chr3:41233341-41233444	chr3	41233341	41233444	104	0.442307692307692	CTNNB1	7	amplicon7	CTNNB1_amplicon7	-1.06405989907216	-1.11257801799634
mi0105-CRCCL-SNU1197-T	chr3:41233529-41233867	chr3	41233529	41233867	339	0.495575221238938	CTNNB1	8	amplicon8	CTNNB1_amplicon8	-0.978687373067843	-0.813104185451231
mi0105-CRCCL-SNU1197-T	chr3:41234139-41234297	chr3	41234139	41234297	159	0.522012578616352	CTNNB1	9	amplicon9	CTNNB1_amplicon9	-1.12969642721323	-0.971206427461803
mi0105-CRCCL-SNU1197-T	chr3:41235724-41235843	chr3	41235724	41235843	120	0.475	CTNNB1	10	amplicon10	CTNNB1_amplicon10	-1.16121052847358	-1.069902773439
mi0105-CRCCL-SNU1197-T	chr3:41236349-41236499	chr3	41236349	41236499	151	0.490066225165563	CTNNB1	11	amplicon11	CTNNB1_amplicon11	-1.05900001771737	-0.904172660261057
mi0105-CRCCL-SNU1197-T	chr3:41236564-41236742	chr3	41236564	41236742	179	0.458100558659218	CTNNB1	12	amplicon12	CTNNB1_amplicon12	-1.04469423210256	-1.03758351754736
mi0105-CRCCL-SNU1197-T	chr3:41238016-41238076	chr3	41238016	41238076	61	0.524590163934426	CTNNB1	13	amplicon13	CTNNB1_amplicon13	-1.06455779923286	-0.911551941970672
mi0105-CRCCL-SNU1197-T	chr3:41238371-41238381	chr3	41238371	41238381	11	0.363636363636364	CTNNB1	14	amplicon14	CTNNB1_amplicon14	-1.0145897207855	-1.13008006761494
mi0105-CRCCL-SNU1197-T	chr3:41239134-41239342	chr3	41239134	41239342	209	0.550239234449761	CTNNB1	15	amplicon15	CTNNB1_amplicon15	-1.1212957062127	-1.02020457597525
mi0105-CRCCL-SNU1197-T	chr7:55019278-55019365	chr7	55019278	55019365	88	0.715909090909091	EGFR	1	amplicon1	EGFR_amplicon1	0.121123454304096	0.204504845284562
mi0105-CRCCL-SNU1197-T	chr7:55039366-55039415	chr7	55039366	55039415	50	0.54	EGFR	2	amplicon2	EGFR_amplicon2	0.365456263889877	0.483086855686261
mi0105-CRCCL-SNU1197-T	chr7:55059416-55059465	chr7	55059416	55059465	50	0.36	EGFR	3	amplicon3	EGFR_amplicon3	0.536278899632794	0.42385385867514
mi0105-CRCCL-SNU1197-T	chr7:55079466-55079515	chr7	55079466	55079515	50	0.46	EGFR	4	amplicon4	EGFR_amplicon4	0.513510606510537	0.528984836753662
mi0105-CRCCL-SNU1197-T	chr7:55099516-55099565	chr7	55099516	55099565	50	0.52	EGFR	5	amplicon5	EGFR_amplicon5	0.366984103489863	0.529458943141407
mi0105-CRCCL-SNU1197-T	chr7:55119566-55119615	chr7	55119566	55119615	50	0.34	EGFR	6	amplicon6	EGFR_amplicon6	0.457410103866628	0.370949327271393
mi0105-CRCCL-SNU1197-T	chr7:55142286-55142437	chr7	55142286	55142437	152	0.427631578947368	EGFR	7	amplicon7	EGFR_amplicon7	0.533580904485457	0.437578433133659
mi0105-CRCCL-SNU1197-T	chr7:55143305-55143488	chr7	55143305	55143488	184	0.440217391304348	EGFR	8	amplicon8	EGFR_amplicon8	0.417173118727954	0.362103441577679
mi0105-CRCCL-SNU1197-T	chr7:55146606-55146740	chr7	55146606	55146740	135	0.57037037037037	EGFR	9	amplicon9	EGFR_amplicon9	0.322621852669586	0.405957745183431
mi0105-CRCCL-SNU1197-T	chr7:55148741-55148790	chr7	55148741	55148790	50	0.52	EGFR	10	amplicon10	EGFR_amplicon10	0.504924260557508	0.667399100209052
mi0105-CRCCL-SNU1197-T	chr7:55151294-55151362	chr7	55151294	55151362	69	0.565217391304348	EGFR	11	amplicon11	EGFR_amplicon11	0.352667305656801	0.442395663398067
mi0105-CRCCL-SNU1197-T	chr7:55152337-55152346	chr7	55152337	55152346	10	0.4	EGFR	12	amplicon12	EGFR_amplicon12	0.610600627896204	0.485953144036512
mi0105-CRCCL-SNU1197-T	chr7:55152546-55152664	chr7	55152546	55152664	119	0.65546218487395	EGFR	13	amplicon13	EGFR_amplicon13	0.331470413474052	0.357538053957155
mi0105-CRCCL-SNU1197-T	chr7:55154011-55154152	chr7	55154011	55154152	142	0.584507042253521	EGFR	14	amplicon14	EGFR_amplicon14	0.298354414519052	0.366227930832352
mi0105-CRCCL-SNU1197-T	chr7:55155830-55155946	chr7	55155830	55155946	117	0.581196581196581	EGFR	15	amplicon15	EGFR_amplicon15	0.441835971265578	0.513514615320349
mi0105-CRCCL-SNU1197-T	chr7:55156533-55156659	chr7	55156533	55156659	127	0.433070866141732	EGFR	16	amplicon16	EGFR_amplicon16	0.508250872380662	0.42671210896626
mi0105-CRCCL-SNU1197-T	chr7:55156759-55156843	chr7	55156759	55156843	85	0.447058823529412	EGFR	17	amplicon17	EGFR_amplicon17	0.533496878686746	0.5025879211522
mi0105-CRCCL-SNU1197-T	chr7:55157663-55157753	chr7	55157663	55157753	91	0.505494505494506	EGFR	18	amplicon18	EGFR_amplicon18	0.41349774516875	0.584925449599235
mi0105-CRCCL-SNU1197-T	chr7:55160139-55160338	chr7	55160139	55160338	200	0.4	EGFR	19	amplicon19	EGFR_amplicon19	0.542882260060081	0.418234776200389
mi0105-CRCCL-SNU1197-T	chr7:55161499-55161631	chr7	55161499	55161631	133	0.669172932330827	EGFR	20	amplicon20	EGFR_amplicon20	0.362932492665642	0.396042831647358
mi0105-CRCCL-SNU1197-T	chr7:55163733-55163823	chr7	55163733	55163823	91	0.571428571428571	EGFR	21	amplicon21	EGFR_amplicon21	0.269462609234593	0.351551072371317
mi0105-CRCCL-SNU1197-T	chr7:55165280-55165437	chr7	55165280	55165437	158	0.59493670886076	EGFR	22	amplicon22	EGFR_amplicon22	0.388405501671059	0.442738927655781
mi0105-CRCCL-SNU1197-T	chr7:55168523-55168529	chr7	55168523	55168529	7	0.428571428571429	EGFR	23	amplicon23	EGFR_amplicon23	0.623305273322401	0.52933556845313
mi0105-CRCCL-SNU1197-T	chr7:55170307-55170544	chr7	55170307	55170544	238	0.529411764705882	EGFR	24	amplicon24	EGFR_amplicon24	0.414011348105779	0.556475561931179
mi0105-CRCCL-SNU1197-T	chr7:55171175-55171213	chr7	55171175	55171213	39	0.564102564102564	EGFR	25	amplicon25	EGFR_amplicon25	0.419349313117923	0.509936552994009
mi0105-CRCCL-SNU1197-T	chr7:55172983-55173124	chr7	55172983	55173124	142	0.669014084507042	EGFR	26	amplicon26	EGFR_amplicon26	0.397915659370975	0.430924234841409
mi0105-CRCCL-SNU1197-T	chr7:55173921-55174043	chr7	55173921	55174043	123	0.504065040650407	EGFR	27	amplicon27	EGFR_amplicon27	0.47142159378922	0.642357466301221
mi0105-CRCCL-SNU1197-T	chr7:55174722-55174820	chr7	55174722	55174820	99	0.444444444444444	EGFR	28	amplicon28	EGFR_amplicon28	0.398608175860241	0.358241117616957
mi0105-CRCCL-SNU1197-T	chr7:55176821-55176870	chr7	55176821	55176870	50	0.16	EGFR	29	amplicon29	EGFR_amplicon29	-5.93644874751151	-6.00046903794031
mi0105-CRCCL-SNU1197-T	chr7:55178871-55178920	chr7	55178871	55178920	50	0.44	EGFR	30	amplicon30	EGFR_amplicon30	0.427416661695422	0.371690860854019
mi0105-CRCCL-SNU1197-T	chr7:55181293-55181478	chr7	55181293	55181478	186	0.596774193548387	EGFR	31	amplicon31	EGFR_amplicon31	0.462272846492896	0.514285215708284
mi0105-CRCCL-SNU1197-T	chr7:55183479-55183528	chr7	55183479	55183528	50	0.48	EGFR	32	amplicon32	EGFR_amplicon32	0.414020298425806	0.529616593077265
mi0105-CRCCL-SNU1197-T	chr7:55185529-55185578	chr7	55185529	55185578	50	0.56	EGFR	33	amplicon33	EGFR_amplicon33	0.404448237054037	0.49791365333487
mi0105-CRCCL-SNU1197-T	chr7:55187579-55187628	chr7	55187579	55187628	50	0.58	EGFR	34	amplicon34	EGFR_amplicon34	0.379315937210572	0.452626775170287
mi0105-CRCCL-SNU1197-T	chr7:55189629-55189678	chr7	55189629	55189678	50	0.56	EGFR	35	amplicon35	EGFR_amplicon35	0.376684422193215	0.470149838474048
mi0105-CRCCL-SNU1197-T	chr7:55191719-55191874	chr7	55191719	55191874	156	0.544871794871795	EGFR	36	amplicon36	EGFR_amplicon36	0.398142997302579	0.505921015775379
mi0105-CRCCL-SNU1197-T	chr7:55192766-55192841	chr7	55192766	55192841	76	0.447368421052632	EGFR	37	amplicon37	EGFR_amplicon37	0.412171011764569	0.382196994271143
mi0105-CRCCL-SNU1197-T	chr7:55194842-55194891	chr7	55194842	55194891	50	0.44	EGFR	38	amplicon38	EGFR_amplicon38	0.511306108476573	0.455580307635169
mi0105-CRCCL-SNU1197-T	chr7:55198717-55198863	chr7	55198717	55198863	147	0.517006802721089	EGFR	39	amplicon39	EGFR_amplicon39	0.363592601838871	0.529943647188273
mi0105-CRCCL-SNU1197-T	chr7:55200316-55200413	chr7	55200316	55200413	98	0.520408163265306	EGFR	40	amplicon40	EGFR_amplicon40	0.362855650100051	0.524555740721292
mi0105-CRCCL-SNU1197-T	chr7:55201188-55201355	chr7	55201188	55201355	168	0.565476190476191	EGFR	41	amplicon41	EGFR_amplicon41	0.426165317906792	0.515689148671223
mi0105-CRCCL-SNU1197-T	chr7:55201735-55201782	chr7	55201735	55201782	48	0.479166666666667	EGFR	42	amplicon42	EGFR_amplicon42	0.504653802046065	0.616873212114063
mi0105-CRCCL-SNU1197-T	chr7:55202517-55202765	chr7	55202517	55202765	249	0.57429718875502	EGFR	43	amplicon43	EGFR_amplicon43	0.43379726204805	0.51313855766184
mi0105-CRCCL-SNU1197-T	chr7:55205256-55205617	chr7	55205256	55205617	362	0.544198895027624	EGFR	44	amplicon44	EGFR_amplicon44	0.352961734843913	0.461739225267002
mi0105-CRCCL-SNU1197-T	chr17:39699560-39699587	chr17	39699560	39699587	28	0.678571428571429	ERBB2	1	amplicon1	ERBB2_amplicon1	0.115541687334747	0.155489255477928
mi0105-CRCCL-SNU1197-T	chr17:39700239-39700311	chr17	39700239	39700311	73	0.73972602739726	ERBB2	2	amplicon2	ERBB2_amplicon2	-0.112652304876151	0.0133747928073259
mi0105-CRCCL-SNU1197-T	chr17:39701312-39701361	chr17	39701312	39701361	50	0.52	ERBB2	3	amplicon3	ERBB2_amplicon3	0.141458526181459	0.303933365833003
mi0105-CRCCL-SNU1197-T	chr17:39702362-39702411	chr17	39702362	39702411	50	0.72	ERBB2	4	amplicon4	ERBB2_amplicon4	0.0540784268978873	0.143896989271296
mi0105-CRCCL-SNU1197-T	chr17:39703412-39703461	chr17	39703412	39703461	50	0.54	ERBB2	5	amplicon5	ERBB2_amplicon5	0.176686704653759	0.294317296450142
mi0105-CRCCL-SNU1197-T	chr17:39704666-39704715	chr17	39704666	39704715	50	0.6	ERBB2	6	amplicon6	ERBB2_amplicon6	0.172913523802179	0.220200304228703
mi0105-CRCCL-SNU1197-T	chr17:39705512-39705561	chr17	39705512	39705561	50	0.56	ERBB2	7	amplicon7	ERBB2_amplicon7	0.0544134917794225	0.147878908060255
mi0105-CRCCL-SNU1197-T	chr17:39706990-39707189	chr17	39706990	39707189	200	0.66	ERBB2	8	amplicon8	ERBB2_amplicon8	0.121401128416907	0.149401469585631
mi0105-CRCCL-SNU1197-T	chr17:39708321-39708534	chr17	39708321	39708534	214	0.61214953271028	ERBB2	9	amplicon9	ERBB2_amplicon9	0.123544616586998	0.157536651757349
mi0105-CRCCL-SNU1197-T	chr17:39709318-39709452	chr17	39709318	39709452	135	0.540740740740741	ERBB2	10	amplicon10	ERBB2_amplicon10	0.133786558765555	0.250048943355823
mi0105-CRCCL-SNU1197-T	chr17:39709813-39709881	chr17	39709813	39709881	69	0.608695652173913	ERBB2	11	amplicon11	ERBB2_amplicon11	0.116585767477617	0.153943968267261
mi0105-CRCCL-SNU1197-T	chr17:39710086-39710201	chr17	39710086	39710201	116	0.681034482758621	ERBB2	12	amplicon12	ERBB2_amplicon12	0.0879894790518586	0.129993913582627
mi0105-CRCCL-SNU1197-T	chr17:39710340-39710481	chr17	39710340	39710481	142	0.598591549295775	ERBB2	13	amplicon13	ERBB2_amplicon13	0.13113978098492	0.180922224681606
mi0105-CRCCL-SNU1197-T	chr17:39711928-39712047	chr17	39711928	39712047	120	0.591666666666667	ERBB2	14	amplicon14	ERBB2_amplicon14	0.136940914462302	0.195309996749305
mi0105-CRCCL-SNU1197-T	chr17:39712322-39712448	chr17	39712322	39712448	127	0.543307086614173	ERBB2	15	amplicon15	ERBB2_amplicon15	0.0500706541226805	0.160301771926071
mi0105-CRCCL-SNU1197-T	chr17:39712906-39712955	chr17	39712906	39712955	50	0.5	ERBB2	16	amplicon16	ERBB2_amplicon16	0.210452795349932	0.381126779140616
mi0105-CRCCL-SNU1197-T	chr17:39713066-39713115	chr17	39713066	39713115	50	0.38	ERBB2	17	amplicon17	ERBB2_amplicon17	0.230211132886805	0.106469612336068
mi0105-CRCCL-SNU1197-T	chr17:39713153-39713269	chr17	39713153	39713269	117	0.547008547008547	ERBB2	18	amplicon18	ERBB2_amplicon18	0.267319477110242	0.372275970896428
mi0105-CRCCL-SNU1197-T	chr17:39714270-39714319	chr17	39714270	39714319	50	0.46	ERBB2	19	amplicon19	ERBB2_amplicon19	0.238196240264401	0.253670470507526
mi0105-CRCCL-SNU1197-T	chr17:39715286-39715359	chr17	39715286	39715359	74	0.594594594594595	ERBB2	20	amplicon20	ERBB2_amplicon20	0.200776335404417	0.255532680047101
mi0105-CRCCL-SNU1197-T	chr17:39715446-39715536	chr17	39715446	39715536	91	0.538461538461538	ERBB2	21	amplicon21	ERBB2_amplicon21	0.0745037304182146	0.195184263215818
mi0105-CRCCL-SNU1197-T	chr17:39715740-39715939	chr17	39715740	39715939	200	0.645	ERBB2	22	amplicon22	ERBB2_amplicon22	0.173751651063194	0.196991548051333
mi0105-CRCCL-SNU1197-T	chr17:39716301-39716433	chr17	39716301	39716433	133	0.691729323308271	ERBB2	23	amplicon23	ERBB2_amplicon23	0.100577615743128	0.152801675236686
mi0105-CRCCL-SNU1197-T	chr17:39716515-39716605	chr17	39716515	39716605	91	0.593406593406593	ERBB2	24	amplicon24	ERBB2_amplicon24	0.169059100258717	0.225284018586289
mi0105-CRCCL-SNU1197-T	chr17:39717320-39717484	chr17	39717320	39717484	165	0.612121212121212	ERBB2	25	amplicon25	ERBB2_amplicon25	0.130829594635589	0.16484745457475
mi0105-CRCCL-SNU1197-T	chr17:39719787-39719834	chr17	39719787	39719834	48	0.666666666666667	ERBB2	26	amplicon26	ERBB2_amplicon26	0.132442682581019	0.164001268749704
mi0105-CRCCL-SNU1197-T	chr17:39720576-39720625	chr17	39720576	39720625	50	0.54	ERBB2	27	amplicon27	ERBB2_amplicon27	0.162854458877286	0.280485050673669
mi0105-CRCCL-SNU1197-T	chr17:39720976-39721025	chr17	39720976	39721025	50	0.48	ERBB2	28	amplicon28	ERBB2_amplicon28	0.130797548431193	0.246393843082651
mi0105-CRCCL-SNU1197-T	chr17:39721885-39721934	chr17	39721885	39721934	50	0.08	ERBB2	29	amplicon29	ERBB2_amplicon29	0.312912074761348	0.103431736384374
mi0105-CRCCL-SNU1197-T	chr17:39723319-39723457	chr17	39723319	39723457	139	0.58273381294964	ERBB2	30	amplicon30	ERBB2_amplicon30	0.0725322725194583	0.14246396958885
mi0105-CRCCL-SNU1197-T	chr17:39723538-39723660	chr17	39723538	39723660	123	0.59349593495935	ERBB2	31	amplicon31	ERBB2_amplicon31	0.122176228215443	0.178290763877603
mi0105-CRCCL-SNU1197-T	chr17:39723912-39724010	chr17	39723912	39724010	99	0.464646464646465	ERBB2	32	amplicon32	ERBB2_amplicon32	0.0767429544691428	0.115166696028492
mi0105-CRCCL-SNU1197-T	chr17:39724726-39724911	chr17	39724726	39724911	186	0.591397849462366	ERBB2	33	amplicon33	ERBB2_amplicon33	0.102365991661049	0.16106499522901
mi0105-CRCCL-SNU1197-T	chr17:39725049-39725204	chr17	39725049	39725204	156	0.576923076923077	ERBB2	34	amplicon34	ERBB2_amplicon34	0.206715566804763	0.28336237695162
mi0105-CRCCL-SNU1197-T	chr17:39725327-39725402	chr17	39725327	39725402	76	0.592105263157895	ERBB2	35	amplicon35	ERBB2_amplicon35	-0.027034510030047	0.0307953634708467
mi0105-CRCCL-SNU1197-T	chr17:39725707-39725853	chr17	39725707	39725853	147	0.571428571428571	ERBB2	36	amplicon36	ERBB2_amplicon36	0.16974202613792	0.251830489274644
mi0105-CRCCL-SNU1197-T	chr17:39726562-39726659	chr17	39726562	39726659	98	0.561224489795919	ERBB2	37	amplicon37	ERBB2_amplicon37	0.130021476106836	0.222668719837569
mi0105-CRCCL-SNU1197-T	chr17:39726815-39727003	chr17	39726815	39727003	189	0.62962962962963	ERBB2	38	amplicon38	ERBB2_amplicon38	0.140834702287909	0.164757104409938
mi0105-CRCCL-SNU1197-T	chr17:39727295-39727547	chr17	39727295	39727547	253	0.648221343873518	ERBB2	39	amplicon39	ERBB2_amplicon39	0.0784582059998755	0.102314152121759
mi0105-CRCCL-SNU1197-T	chr17:39727689-39728044	chr17	39727689	39728044	356	0.626404494382022	ERBB2	40	amplicon40	ERBB2_amplicon40	0.18463383587633	0.209577490475816
mi0105-CRCCL-SNU1197-T	chr4:152322881-152323149	chr4	152322881	152323149	269	0.475836431226766	FBXW7	1	amplicon1	FBXW7_amplicon1	-0.302379984131595	-0.20666355983579
mi0105-CRCCL-SNU1197-T	chr4:152324184-152324394	chr4	152324184	152324394	211	0.412322274881517	FBXW7	2	amplicon2	FBXW7_amplicon2	-0.0513557910621795	-0.168928616160465
mi0105-CRCCL-SNU1197-T	chr4:152326006-152326231	chr4	152326006	152326231	226	0.451327433628319	FBXW7	3	amplicon3	FBXW7_amplicon3	-0.122061499654998	-0.13781110627398
mi0105-CRCCL-SNU1197-T	chr4:152328208-152328389	chr4	152328208	152328389	182	0.417582417582418	FBXW7	4	amplicon4	FBXW7_amplicon4	-0.0713412597582313	-0.183686390588149
mi0105-CRCCL-SNU1197-T	chr4:152329672-152329785	chr4	152329672	152329785	114	0.403508771929825	FBXW7	5	amplicon5	FBXW7_amplicon5	0.0482725945468024	-0.0749711867793782
mi0105-CRCCL-SNU1197-T	chr4:152330732-152330868	chr4	152330732	152330868	137	0.401459854014599	FBXW7	6	amplicon6	FBXW7_amplicon6	0.0417525223895727	-0.0824448335332575
mi0105-CRCCL-SNU1197-T	chr4:152332596-152332719	chr4	152332596	152332719	124	0.467741935483871	FBXW7	7	amplicon7	FBXW7_amplicon7	0.162351096285611	0.217497688695175
mi0105-CRCCL-SNU1197-T	chr4:152337802-152337936	chr4	152337802	152337936	135	0.4	FBXW7	8	amplicon8	FBXW7_amplicon8	-0.0812737121506421	-0.205921196010333
mi0105-CRCCL-SNU1197-T	chr4:152346930-152347071	chr4	152346930	152347071	142	0.514084507042254	FBXW7	9	amplicon9	FBXW7_amplicon9	-0.0994358210436154	0.0698859489671597
mi0105-CRCCL-SNU1197-T	chr4:152350042-152350124	chr4	152350042	152350124	83	0.397590361445783	FBXW7	10	amplicon10	FBXW7_amplicon10	0.055721724725171	-0.0699410173235077
mi0105-CRCCL-SNU1197-T	chr4:152352470-152352730	chr4	152352470	152352730	261	0.436781609195402	FBXW7	11	amplicon11	FBXW7_amplicon11	-0.0236207240082657	-0.0915274040710503
mi0105-CRCCL-SNU1197-T	chr4:152382189-152382335	chr4	152382189	152382335	147	0.428571428571429	FBXW7	12	amplicon12	FBXW7_amplicon12	0.0709680903097589	-0.0230016145595119
mi0105-CRCCL-SNU1197-T	chr4:152411273-152411803	chr4	152411273	152411803	531	0.448210922787194	FBXW7	13	amplicon13	FBXW7_amplicon13	0	-0.0274449591550726
mi0105-CRCCL-SNU1197-T	chr1:64834562-64834657	chr1	64834562	64834657	96	0.354166666666667	JAK1	1	amplicon1	JAK1_amplicon1	-0.351782693251732	-0.458235805474178
mi0105-CRCCL-SNU1197-T	chr1:64835396-64835506	chr1	64835396	64835506	111	0.477477477477478	JAK1	2	amplicon2	JAK1_amplicon2	-0.398560428950237	-0.294436189791457
mi0105-CRCCL-SNU1197-T	chr1:64836098-64836215	chr1	64836098	64836215	118	0.415254237288136	JAK1	3	amplicon3	JAK1_amplicon3	-0.224070456383322	-0.339201739696852
mi0105-CRCCL-SNU1197-T	chr1:64837932-64838104	chr1	64837932	64838104	173	0.468208092485549	JAK1	4	amplicon4	JAK1_amplicon4	-0.429571828917691	-0.37195281530317
mi0105-CRCCL-SNU1197-T	chr1:64838465-64838589	chr1	64838465	64838589	125	0.368	JAK1	5	amplicon5	JAK1_amplicon5	-0.39003685783057	-0.508561855349654
mi0105-CRCCL-SNU1197-T	chr1:64839603-64839795	chr1	64839603	64839795	193	0.476683937823834	JAK1	6	amplicon6	JAK1_amplicon6	-0.500970097494065	-0.401392817618168
mi0105-CRCCL-SNU1197-T	chr1:64841245-64841339	chr1	64841245	64841339	95	0.431578947368421	JAK1	7	amplicon7	JAK1_amplicon7	-0.387456746276331	-0.473301050526692
mi0105-CRCCL-SNU1197-T	chr1:64841451-64841601	chr1	64841451	64841601	151	0.490066225165563	JAK1	8	amplicon8	JAK1_amplicon8	-0.381386031808288	-0.226558674351971
mi0105-CRCCL-SNU1197-T	chr1:64844064-64844215	chr1	64844064	64844215	152	0.5	JAK1	9	amplicon9	JAK1_amplicon9	-0.362709403380073	-0.192035419589389
mi0105-CRCCL-SNU1197-T	chr1:64844754-64844889	chr1	64844754	64844889	136	0.544117647058824	JAK1	10	amplicon10	JAK1_amplicon10	-0.61935484196978	-0.510453007773488
mi0105-CRCCL-SNU1197-T	chr1:64845513-64845640	chr1	64845513	64845640	128	0.5	JAK1	11	amplicon11	JAK1_amplicon11	-0.536241146500504	-0.365567162709819
mi0105-CRCCL-SNU1197-T	chr1:64846509-64846736	chr1	64846509	64846736	228	0.56140350877193	JAK1	12	amplicon12	JAK1_amplicon12	-0.436459480602759	-0.343934374748113
mi0105-CRCCL-SNU1197-T	chr1:64847532-64847675	chr1	64847532	64847675	144	0.486111111111111	JAK1	13	amplicon13	JAK1_amplicon13	-0.395521318188269	-0.256422174378495
mi0105-CRCCL-SNU1197-T	chr1:64850804-64850910	chr1	64850804	64850910	107	0.551401869158879	JAK1	14	amplicon14	JAK1_amplicon14	-0.468989901907141	-0.368916059478628
mi0105-CRCCL-SNU1197-T	chr1:64855509-64855698	chr1	64855509	64855698	190	0.58421052631579	JAK1	15	amplicon15	JAK1_amplicon15	-0.448832974745945	-0.380612289313957
mi0105-CRCCL-SNU1197-T	chr1:64857656-64857779	chr1	64857656	64857779	124	0.508064516129032	JAK1	16	amplicon16	JAK1_amplicon16	-0.411580125360963	-0.239605486192701
mi0105-CRCCL-SNU1197-T	chr1:64860105-64860262	chr1	64860105	64860262	158	0.556962025316456	JAK1	17	amplicon17	JAK1_amplicon17	-0.568224125224853	-0.472609019252531
mi0105-CRCCL-SNU1197-T	chr1:64864787-64864972	chr1	64864787	64864972	186	0.360215053763441	JAK1	18	amplicon18	JAK1_amplicon18	-0.293065047811017	-0.405685266360375
mi0105-CRCCL-SNU1197-T	chr1:64866866-64867208	chr1	64866866	64867208	343	0.399416909620991	JAK1	19	amplicon19	JAK1_amplicon19	-0.364968340065553	-0.489891016228461
mi0105-CRCCL-SNU1197-T	chr1:64869311-64869474	chr1	64869311	64869474	164	0.50609756097561	JAK1	20	amplicon20	JAK1_amplicon20	-0.433629044588718	-0.261631190923532
mi0105-CRCCL-SNU1197-T	chr1:64873370-64873523	chr1	64873370	64873523	154	0.454545454545455	JAK1	21	amplicon21	JAK1_amplicon21	-0.549618474737826	-0.553959451378215
mi0105-CRCCL-SNU1197-T	chr1:64876413-64876473	chr1	64876413	64876473	61	0.475409836065574	JAK1	22	amplicon22	JAK1_amplicon22	-0.34806952083822	-0.254696025683273
mi0105-CRCCL-SNU1197-T	chr1:64879025-64879148	chr1	64879025	64879148	124	0.516129032258065	JAK1	23	amplicon23	JAK1_amplicon23	-0.407207919937688	-0.240057797556347
mi0105-CRCCL-SNU1197-T	chr1:64883005-64883063	chr1	64883005	64883063	59	0.457627118644068	JAK1	24	amplicon24	JAK1_amplicon24	-0.349890456420662	-0.344463119737437
mi0105-CRCCL-SNU1197-T	chr1:64883277-64883475	chr1	64883277	64883475	199	0.542713567839196	JAK1	25	amplicon25	JAK1_amplicon25	-0.357086030333919	-0.245207852770051
mi0105-CRCCL-SNU1197-T	chr1:64886259-64886264	chr1	64886259	64886264	6	0.5	JAK1	26	amplicon26	JAK1_amplicon26	-0.290933626156882	-0.120259642366197
mi0105-CRCCL-SNU1197-T	chr12:25209795-25209911	chr12	25209795	25209911	117	0.307692307692308	KRAS	1	amplicon1	KRAS_amplicon1	-0.0116618662962573	-0.0233357552217595
mi0105-CRCCL-SNU1197-T	chr12:25215441-25215560	chr12	25215441	25215560	120	0.333333333333333	KRAS	2	amplicon2	KRAS_amplicon2	0.0339882956560302	-0.0403695961272306
mi0105-CRCCL-SNU1197-T	chr12:25225614-25225773	chr12	25225614	25225773	160	0.3625	KRAS	3	amplicon3	KRAS_amplicon3	-0.0689409667576541	-0.183526773705842
mi0105-CRCCL-SNU1197-T	chr12:25227234-25227412	chr12	25227234	25227412	179	0.407821229050279	KRAS	4	amplicon4	KRAS_amplicon4	-0.159966574651861	-0.280921253725018
mi0105-CRCCL-SNU1197-T	chr12:25235206-25235226	chr12	25235206	25235226	21	0.285714285714286	KRAS	5	amplicon5	KRAS_amplicon5	-0.0337707744547592	0.0269468106828448
mi0105-CRCCL-SNU1197-T	chr12:25245274-25245384	chr12	25245274	25245384	111	0.414414414414414	KRAS	6	amplicon6	KRAS_amplicon6	-0.253241605536061	-0.369092369406074
mi0105-CRCCL-SNU1197-T	chr12:68808478-68808491	chr12	68808478	68808491	14	0.571428571428571	MDM2	1	amplicon1	MDM2_amplicon1	-0.226369716802357	-0.144281253665634
mi0105-CRCCL-SNU1197-T	chr12:68809208-68809292	chr12	68809208	68809292	85	0.482352941176471	MDM2	2	amplicon2	MDM2_amplicon2	-0.228080078753114	-0.101028647151619
mi0105-CRCCL-SNU1197-T	chr12:68810293-68810342	chr12	68810293	68810342	50	0.26	MDM2	3	amplicon3	MDM2_amplicon3	-0.127810875592531	-0.102004569267708
mi0105-CRCCL-SNU1197-T	chr12:68811343-68811392	chr12	68811343	68811392	50	0.3	MDM2	4	amplicon4	MDM2_amplicon4	-0.0820884539475293	-0.0699933280392369
mi0105-CRCCL-SNU1197-T	chr12:68812393-68812442	chr12	68812393	68812442	50	0.48	MDM2	5	amplicon5	MDM2_amplicon5	-0.111923774777759	0.0036725198736999
mi0105-CRCCL-SNU1197-T	chr12:68813554-68813628	chr12	68813554	68813628	75	0.346666666666667	MDM2	6	amplicon6	MDM2_amplicon6	-0.0554633909215002	-0.152301412465002
mi0105-CRCCL-SNU1197-T	chr12:68814603-68814659	chr12	68814603	68814659	57	0.473684210526316	MDM2	7	amplicon7	MDM2_amplicon7	-0.0421561851257264	0.042130844306087
mi0105-CRCCL-SNU1197-T	chr12:68816812-68816945	chr12	68816812	68816945	134	0.350746268656716	MDM2	8	amplicon8	MDM2_amplicon8	-0.00241305199061267	-0.104751664062795
mi0105-CRCCL-SNU1197-T	chr12:68818101-68818150	chr12	68818101	68818150	50	0.44	MDM2	9	amplicon9	MDM2_amplicon9	-0.0920709864575358	-0.14779678729894
mi0105-CRCCL-SNU1197-T	chr12:68819953-68819997	chr12	68819953	68819997	45	0.311111111111111	MDM2	10	amplicon10	MDM2_amplicon10	-0.00905952441483252	-0.0305693612888577
mi0105-CRCCL-SNU1197-T	chr12:68820325-68820374	chr12	68820325	68820374	50	0.38	MDM2	11	amplicon11	MDM2_amplicon11	0.00168332358977784	-0.122058196960959
mi0105-CRCCL-SNU1197-T	chr12:68820885-68820910	chr12	68820885	68820910	26	0.307692307692308	MDM2	12	amplicon12	MDM2_amplicon12	-0.206370932649645	-0.218044821575147
mi0105-CRCCL-SNU1197-T	chr12:68821911-68821960	chr12	68821911	68821960	50	0.54	MDM2	13	amplicon13	MDM2_amplicon13	-0.177990897800467	-0.0603603060040835
mi0105-CRCCL-SNU1197-T	chr12:68823415-68823479	chr12	68823415	68823479	65	0.338461538461539	MDM2	14	amplicon14	MDM2_amplicon14	-0.104650305159786	-0.18847173512443
mi0105-CRCCL-SNU1197-T	chr12:68824363-68824430	chr12	68824363	68824430	68	0.470588235294118	MDM2	15	amplicon15	MDM2_amplicon15	-0.0360750777496827	0.0335038276675464
mi0105-CRCCL-SNU1197-T	chr12:68824555-68824651	chr12	68824555	68824651	97	0.422680412371134	MDM2	16	amplicon16	MDM2_amplicon16	0.00115865035667783	-0.104182162117119
mi0105-CRCCL-SNU1197-T	chr12:68825652-68825701	chr12	68825652	68825701	50	0.32	MDM2	17	amplicon17	MDM2_amplicon17	-0.251151068597722	-0.296114016205149
mi0105-CRCCL-SNU1197-T	chr12:68826702-68826751	chr12	68826702	68826751	50	0.28	MDM2	18	amplicon18	MDM2_amplicon18	-0.135191502065146	-0.0670609469324162
mi0105-CRCCL-SNU1197-T	chr12:68827752-68827801	chr12	68827752	68827801	50	0.26	MDM2	19	amplicon19	MDM2_amplicon19	-0.131433393221065	-0.105627086896242
mi0105-CRCCL-SNU1197-T	chr12:68828771-68828931	chr12	68828771	68828931	161	0.409937888198758	MDM2	20	amplicon20	MDM2_amplicon20	0.0211006323075886	-0.0983495947618376
mi0105-CRCCL-SNU1197-T	chr12:68829932-68829981	chr12	68829932	68829981	50	0.32	MDM2	21	amplicon21	MDM2_amplicon21	-0.095512520524117	-0.140475468131544
mi0105-CRCCL-SNU1197-T	chr12:68830982-68831031	chr12	68830982	68831031	50	0.4	MDM2	22	amplicon22	MDM2_amplicon22	-0.184069409301851	-0.308716893161542
mi0105-CRCCL-SNU1197-T	chr12:68833451-68833500	chr12	68833451	68833500	50	0.32	MDM2	23	amplicon23	MDM2_amplicon23	-0.128575954827026	-0.173538902434452
mi0105-CRCCL-SNU1197-T	chr12:68834132-68834181	chr12	68834132	68834181	50	0.5	MDM2	24	amplicon24	MDM2_amplicon24	-0.316815392632372	-0.146141408841688
mi0105-CRCCL-SNU1197-T	chr12:68835829-68835984	chr12	68835829	68835984	156	0.391025641025641	MDM2	25	amplicon25	MDM2_amplicon25	-0.0850466204322503	-0.211125994476167
mi0105-CRCCL-SNU1197-T	chr12:68836672-68836749	chr12	68836672	68836749	78	0.384615384615385	MDM2	26	amplicon26	MDM2_amplicon26	-0.138558173741006	-0.263349057278963
mi0105-CRCCL-SNU1197-T	chr12:68837750-68837799	chr12	68837750	68837799	50	0.32	MDM2	27	amplicon27	MDM2_amplicon27	-0.0405585641095309	-0.0855215117169579
mi0105-CRCCL-SNU1197-T	chr12:68839274-68839849	chr12	68839274	68839849	576	0.399305555555556	MDM2	28	amplicon28	MDM2_amplicon28	-0.0828990727913751	-0.207872213020353
mi0105-CRCCL-SNU1197-T	chr8:127735473-127735817	chr8	127735473	127735817	345	0.553623188405797	MYC	1	amplicon1	MYC_amplicon1	0.0551072966315934	0.153456802889486
mi0105-CRCCL-SNU1197-T	chr8:127736046-127736623	chr8	127736046	127736623	578	0.645328719723183	MYC	2	amplicon2	MYC_amplicon2	-0.0409584009223331	-0.0176665541117249
mi0105-CRCCL-SNU1197-T	chr8:127737224-127737273	chr8	127737224	127737273	50	0.38	MYC	3	amplicon3	MYC_amplicon3	-0.0355663473162696	-0.159307867867007
mi0105-CRCCL-SNU1197-T	chr8:127738248-127739019	chr8	127738248	127739019	772	0.642487046632124	MYC	4	amplicon4	MYC_amplicon4	0.030868533233393	0.0537959521096062
mi0105-CRCCL-SNU1197-T	chr8:127739620-127739669	chr8	127739620	127739669	50	0.4	MYC	5	amplicon5	MYC_amplicon5	0.150295007698835	0.0256475238391437
mi0105-CRCCL-SNU1197-T	chr8:127740396-127740958	chr8	127740396	127740958	563	0.518650088809947	MYC	6	amplicon6	MYC_amplicon6	-0.00754244866039342	0.156224188697656
mi0105-CRCCL-SNU1197-T	chr17:31095208-31095369	chr17	31095208	31095369	162	0.753086419753086	NF1	1	amplicon1	NF1_amplicon1	-0.300496755031338	-0.144676106977456
mi0105-CRCCL-SNU1197-T	chr17:31155983-31156126	chr17	31155983	31156126	144	0.340277777777778	NF1	2	amplicon2	NF1_amplicon2	0.291674924196358	0.204747390900803
mi0105-CRCCL-SNU1197-T	chr17:31159010-31159093	chr17	31159010	31159093	84	0.333333333333333	NF1	3	amplicon3	NF1_amplicon3	0.304380950602404	0.230023058819144
mi0105-CRCCL-SNU1197-T	chr17:31163186-31163376	chr17	31163186	31163376	191	0.445026178010471	NF1	4	amplicon4	NF1_amplicon4	0.18090269746403	0.143189313481515
mi0105-CRCCL-SNU1197-T	chr17:31169891-31169997	chr17	31169891	31169997	107	0.327102803738318	NF1	5	amplicon5	NF1_amplicon5	0.39540348337519	0.333920512620947
mi0105-CRCCL-SNU1197-T	chr17:31181422-31181489	chr17	31181422	31181489	68	0.352941176470588	NF1	6	amplicon6	NF1_amplicon6	0.31535231877385	0.210321201933525
mi0105-CRCCL-SNU1197-T	chr17:31181710-31181785	chr17	31181710	31181785	76	0.394736842105263	NF1	7	amplicon7	NF1_amplicon7	0.325189211545428	0.198860222001078
mi0105-CRCCL-SNU1197-T	chr17:31182508-31182899	chr17	31182508	31182899	392	0.336734693877551	NF1	8	amplicon8	NF1_amplicon8	0.372587295612672	0.291838108029982
mi0105-CRCCL-SNU1197-T	chr17:31200422-31200595	chr17	31200422	31200595	174	0.425287356321839	NF1	9	amplicon9	NF1_amplicon9	0.167122072014162	0.0664002355263944
mi0105-CRCCL-SNU1197-T	chr17:31201037-31201159	chr17	31201037	31201159	123	0.422764227642276	NF1	10	amplicon10	NF1_amplicon10	0.1915862313062	0.086372185876856
mi0105-CRCCL-SNU1197-T	chr17:31201411-31201485	chr17	31201411	31201485	75	0.413333333333333	NF1	11	amplicon11	NF1_amplicon11	0.212656034027497	0.0959033836965042
mi0105-CRCCL-SNU1197-T	chr17:31206240-31206371	chr17	31206240	31206371	132	0.462121212121212	NF1	12	amplicon12	NF1_amplicon12	0.229752967248952	0.255326030555384
mi0105-CRCCL-SNU1197-T	chr17:31214451-31214585	chr17	31214451	31214585	135	0.340740740740741	NF1	13	amplicon13	NF1_amplicon13	0.396918608309316	0.309219792615142
mi0105-CRCCL-SNU1197-T	chr17:31219005-31219133	chr17	31219005	31219133	129	0.496124031007752	NF1	14	amplicon14	NF1_amplicon14	0.256997582129272	0.423440330139513
mi0105-CRCCL-SNU1197-T	chr17:31221850-31221990	chr17	31221850	31221990	141	0.297872340425532	NF1	15	amplicon15	NF1_amplicon15	0.417455597059315	0.436523707057757
mi0105-CRCCL-SNU1197-T	chr17:31223444-31223567	chr17	31223444	31223567	124	0.32258064516129	NF1	16	amplicon16	NF1_amplicon16	0.240160223651086	0.188967073017424
mi0105-CRCCL-SNU1197-T	chr17:31225095-31225250	chr17	31225095	31225250	156	0.448717948717949	NF1	17	amplicon17	NF1_amplicon17	0.286699278218695	0.26076581812785
mi0105-CRCCL-SNU1197-T	chr17:31226435-31226684	chr17	31226435	31226684	250	0.516	NF1	18	amplicon18	NF1_amplicon18	-0.162020950581025	0.0053057455472306
mi0105-CRCCL-SNU1197-T	chr17:31227218-31227291	chr17	31227218	31227291	74	0.527027027027027	NF1	19	amplicon19	NF1_amplicon19	0.0920386051203929	0.240106550723255
mi0105-CRCCL-SNU1197-T	chr17:31227523-31227606	chr17	31227523	31227606	84	0.416666666666667	NF1	20	amplicon20	NF1_amplicon20	0.159719987934359	0.0461465382247803
mi0105-CRCCL-SNU1197-T	chr17:31229025-31229465	chr17	31229025	31229465	441	0.467120181405896	NF1	21	amplicon21	NF1_amplicon21	0.13727667126395	0.189304271034184
mi0105-CRCCL-SNU1197-T	chr17:31229835-31229974	chr17	31229835	31229974	140	0.357142857142857	NF1	22	amplicon22	NF1_amplicon22	0.256811470081614	0.147147445089742
mi0105-CRCCL-SNU1197-T	chr17:31230260-31230382	chr17	31230260	31230382	123	0.373983739837398	NF1	23	amplicon23	NF1_amplicon23	0.282722952338052	0.161086387040278
mi0105-CRCCL-SNU1197-T	chr17:31230842-31230925	chr17	31230842	31230925	84	0.392857142857143	NF1	24	amplicon24	NF1_amplicon24	0.0745956958814659	-0.0519291079509014
mi0105-CRCCL-SNU1197-T	chr17:31232073-31232189	chr17	31232073	31232189	117	0.452991452991453	NF1	25	amplicon25	NF1_amplicon25	0.174525519697832	0.164824663923419
mi0105-CRCCL-SNU1197-T	chr17:31232700-31232881	chr17	31232700	31232881	182	0.461538461538462	NF1	26	amplicon26	NF1_amplicon26	0.163801999507519	0.186040017270382
mi0105-CRCCL-SNU1197-T	chr17:31233002-31233213	chr17	31233002	31233213	212	0.452830188679245	NF1	27	amplicon27	NF1_amplicon27	0.205013873326093	0.194648405951703
mi0105-CRCCL-SNU1197-T	chr17:31235611-31235772	chr17	31235611	31235772	162	0.425925925925926	NF1	28	amplicon28	NF1_amplicon28	0.195430258426924	0.0958426531533659
mi0105-CRCCL-SNU1197-T	chr17:31235918-31236021	chr17	31235918	31236021	104	0.403846153846154	NF1	29	amplicon29	NF1_amplicon29	0.279897394892262	0.156872389368787
mi0105-CRCCL-SNU1197-T	chr17:31248984-31249119	chr17	31248984	31249119	136	0.477941176470588	NF1	30	amplicon30	NF1_amplicon30	0.212890457326657	0.318690165395049
mi0105-CRCCL-SNU1197-T	chr17:31252938-31253000	chr17	31252938	31253000	63	0.333333333333333	NF1	31	amplicon31	NF1_amplicon31	0.173162096920878	0.0988042051376174
mi0105-CRCCL-SNU1197-T	chr17:31257687-31257719	chr17	31257687	31257719	33	0.484848484848485	NF1	32	amplicon32	NF1_amplicon32	0.331068413247078	0.466207101831201
mi0105-CRCCL-SNU1197-T	chr17:31258344-31258502	chr17	31258344	31258502	159	0.459119496855346	NF1	33	amplicon33	NF1_amplicon33	0.212550344934658	0.223614747775212
mi0105-CRCCL-SNU1197-T	chr17:31259032-31259129	chr17	31259032	31259129	98	0.387755102040816	NF1	34	amplicon34	NF1_amplicon34	0.171816019085182	0.0466409435925478
mi0105-CRCCL-SNU1197-T	chr17:31260369-31260515	chr17	31260369	31260515	147	0.401360544217687	NF1	35	amplicon35	NF1_amplicon35	0.214583197337742	0.0903307992966809
mi0105-CRCCL-SNU1197-T	chr17:31261711-31261857	chr17	31261711	31261857	147	0.448979591836735	NF1	36	amplicon36	NF1_amplicon36	0.157325330109747	0.132168852888157
mi0105-CRCCL-SNU1197-T	chr17:31265229-31265339	chr17	31265229	31265339	111	0.378378378378378	NF1	37	amplicon37	NF1_amplicon37	0.266780529289201	0.143519905424735
mi0105-CRCCL-SNU1197-T	chr17:31299510-31299606	chr17	31299510	31299606	97	0.381443298969072	NF1	38	amplicon38	NF1_amplicon38	0.277924051880535	0.153801494958653
mi0105-CRCCL-SNU1197-T	chr17:31325820-31326252	chr17	31325820	31326252	433	0.431870669745958	NF1	39	amplicon39	NF1_amplicon39	0.224047923511985	0.139031185902258
mi0105-CRCCL-SNU1197-T	chr17:31327499-31327839	chr17	31327499	31327839	341	0.472140762463343	NF1	40	amplicon40	NF1_amplicon40	0.145398402927995	0.222513146320992
mi0105-CRCCL-SNU1197-T	chr17:31330296-31330498	chr17	31330296	31330498	203	0.399014778325123	NF1	41	amplicon41	NF1_amplicon41	0.171218016049906	0.0461163312206749
mi0105-CRCCL-SNU1197-T	chr17:31334664-31334730	chr17	31334664	31334730	67	0.402985074626866	NF1	42	amplicon42	NF1_amplicon42	0.172753792057796	0.0491789127994509
mi0105-CRCCL-SNU1197-T	chr17:31334838-31335031	chr17	31334838	31335031	194	0.381443298969072	NF1	43	amplicon43	NF1_amplicon43	0.184599560005048	0.0604770030831658
mi0105-CRCCL-SNU1197-T	chr17:31336333-31336473	chr17	31336333	31336473	141	0.418439716312057	NF1	44	amplicon44	NF1_amplicon44	0.188813084662899	0.0775865144218255
mi0105-CRCCL-SNU1197-T	chr17:31336635-31336914	chr17	31336635	31336914	280	0.417857142857143	NF1	45	amplicon45	NF1_amplicon45	0.159308764657145	0.047360334464684
mi0105-CRCCL-SNU1197-T	chr17:31337368-31337582	chr17	31337368	31337582	215	0.451162790697674	NF1	46	amplicon46	NF1_amplicon46	0.179758721024663	0.16319013769468
mi0105-CRCCL-SNU1197-T	chr17:31337817-31337880	chr17	31337817	31337880	64	0.5	NF1	47	amplicon47	NF1_amplicon47	0.315277969702791	0.485951953493475
mi0105-CRCCL-SNU1197-T	chr17:31338002-31338139	chr17	31338002	31338139	138	0.398550724637681	NF1	48	amplicon48	NF1_amplicon48	0.22047929425113	0.0951822564253514
mi0105-CRCCL-SNU1197-T	chr17:31338704-31338805	chr17	31338704	31338805	102	0.382352941176471	NF1	49	amplicon49	NF1_amplicon49	0.268267726002946	0.143928113590822
mi0105-CRCCL-SNU1197-T	chr17:31340505-31340645	chr17	31340505	31340645	141	0.468085106382979	NF1	50	amplicon50	NF1_amplicon50	0.276366787560457	0.333334710033919
mi0105-CRCCL-SNU1197-T	chr17:31343009-31343135	chr17	31343009	31343135	127	0.401574803149606	NF1	51	amplicon51	NF1_amplicon51	0.279993926007902	0.15586080405001
mi0105-CRCCL-SNU1197-T	chr17:31349120-31349251	chr17	31349120	31349251	132	0.401515151515151	NF1	52	amplicon52	NF1_amplicon52	0.214831580966829	0.090665055457105
mi0105-CRCCL-SNU1197-T	chr17:31350183-31350318	chr17	31350183	31350318	136	0.382352941176471	NF1	53	amplicon53	NF1_amplicon53	0.297497506202992	0.173157893790868
mi0105-CRCCL-SNU1197-T	chr17:31352257-31352414	chr17	31352257	31352414	158	0.544303797468355	NF1	54	amplicon54	NF1_amplicon54	0.26386951727773	0.372487629910637
mi0105-CRCCL-SNU1197-T	chr17:31356460-31356582	chr17	31356460	31356582	123	0.40650406504065	NF1	55	amplicon55	NF1_amplicon55	0.161480233795235	0.0402966022194354
mi0105-CRCCL-SNU1197-T	chr17:31356960-31357090	chr17	31356960	31357090	131	0.412213740458015	NF1	56	amplicon56	NF1_amplicon56	0.131772811890222	0.014112328040438
mi0105-CRCCL-SNU1197-T	chr17:31357269-31357369	chr17	31357269	31357369	101	0.386138613861386	NF1	57	amplicon57	NF1_amplicon57	0.151272953975355	0.0262581132739705
mi0105-CRCCL-SNU1197-T	chr17:31358480-31358622	chr17	31358480	31358622	143	0.398601398601399	NF1	58	amplicon58	NF1_amplicon58	0.114617290715807	-0.0106590042711992
mi0105-CRCCL-SNU1197-T	chr17:31358969-31359015	chr17	31358969	31359015	47	0.446808510638298	NF1	59	amplicon59	NF1_amplicon59	0.199807331237062	0.1681402552587
mi0105-CRCCL-SNU1197-T	chr17:31360487-31360711	chr17	31360487	31360711	225	0.457777777777778	NF1	60	amplicon60	NF1_amplicon60	0.170115777171367	0.176040413425176
mi0105-CRCCL-SNU1197-T	chr17:31367225-31367278	chr17	31367225	31367278	54	0.462962962962963	NF1	61	amplicon61	NF1_amplicon61	0.284619449092428	0.315023994860769
mi0105-CRCCL-SNU1197-T	chr17:31374013-31374155	chr17	31374013	31374155	143	0.503496503496504	NF1	62	amplicon62	NF1_amplicon62	0.154346394818371	0.325378175531232
mi0105-CRCCL-SNU1197-T	chr17:31378888-31378931	chr17	31378888	31378931	44	0.5	NF1	63	amplicon63	NF1_amplicon63	0.161222299361412	0.331896283152096
mi0105-CRCCL-SNU1197-T	chr1:114708535-114708654	chr1	114708535	114708654	120	0.433333333333333	NRAS	1	amplicon1	NRAS_amplicon1	-0.342748058018071	-0.423372849368159
mi0105-CRCCL-SNU1197-T	chr1:114709569-114709728	chr1	114709569	114709728	160	0.4625	NRAS	2	amplicon2	NRAS_amplicon2	-0.354541294646332	-0.326794634708522
mi0105-CRCCL-SNU1197-T	chr1:114713800-114713978	chr1	114713800	114713978	179	0.418994413407821	NRAS	3	amplicon3	NRAS_amplicon3	-0.413624376135654	-0.52418714131878
mi0105-CRCCL-SNU1197-T	chr1:114716050-114716160	chr1	114716050	114716160	111	0.468468468468469	NRAS	4	amplicon4	NRAS_amplicon4	-0.497250176126425	-0.43826680223417
mi0105-CRCCL-SNU1197-T	chr3:179198826-179199179	chr3	179198826	179199179	354	0.392655367231638	PIK3CA	1	amplicon1	PIK3CA_amplicon1	0.740113357268198	0.613565552375026
mi0105-CRCCL-SNU1197-T	chr3:179199690-179199899	chr3	179199690	179199899	210	0.371428571428571	PIK3CA	2	amplicon2	PIK3CA_amplicon2	0.775431293335427	0.654985268585508
mi0105-CRCCL-SNU1197-T	chr3:179201290-179201540	chr3	179201290	179201540	251	0.350597609561753	PIK3CA	3	amplicon3	PIK3CA_amplicon3	0.725314635258779	0.623165137247057
mi0105-CRCCL-SNU1197-T	chr3:179203544-179203789	chr3	179203544	179203789	246	0.361788617886179	PIK3CA	4	amplicon4	PIK3CA_amplicon4	0.691589156171766	0.57759419485665
mi0105-CRCCL-SNU1197-T	chr3:179204503-179204588	chr3	179204503	179204588	86	0.430232558139535	PIK3CA	5	amplicon5	PIK3CA_amplicon5	0.688614193553894	0.598965234846849
mi0105-CRCCL-SNU1197-T	chr3:179209595-179209700	chr3	179209595	179209700	106	0.433962264150943	PIK3CA	6	amplicon6	PIK3CA_amplicon6	0.782290675826041	0.703654363522917
mi0105-CRCCL-SNU1197-T	chr3:179210186-179210338	chr3	179210186	179210338	153	0.379084967320261	PIK3CA	7	amplicon7	PIK3CA_amplicon7	0.754856742475836	0.631379457319661
mi0105-CRCCL-SNU1197-T	chr3:179210431-179210565	chr3	179210431	179210565	135	0.466666666666667	PIK3CA	8	amplicon8	PIK3CA_amplicon8	0.691673636601917	0.741214180558868
mi0105-CRCCL-SNU1197-T	chr3:179218210-179218334	chr3	179218210	179218334	125	0.392	PIK3CA	9	amplicon9	PIK3CA_amplicon9	0.712096251489417	0.585485885682816
mi0105-CRCCL-SNU1197-T	chr3:179219196-179219277	chr3	179219196	179219277	82	0.390243902439024	PIK3CA	10	amplicon10	PIK3CA_amplicon10	0.646597516676014	0.521147103628289
mi0105-CRCCL-SNU1197-T	chr3:179219571-179219735	chr3	179219571	179219735	165	0.387878787878788	PIK3CA	11	amplicon11	PIK3CA_amplicon11	0.69501418183766	0.569830354095649
mi0105-CRCCL-SNU1197-T	chr3:179219949-179220052	chr3	179219949	179220052	104	0.307692307692308	PIK3CA	12	amplicon12	PIK3CA_amplicon12	0.6120663503504	0.600392461424898
mi0105-CRCCL-SNU1197-T	chr3:179220986-179221157	chr3	179220986	179221157	172	0.418604651162791	PIK3CA	13	amplicon13	PIK3CA_amplicon13	0.580426661807309	0.469395184301268
mi0105-CRCCL-SNU1197-T	chr3:179224081-179224187	chr3	179224081	179224187	107	0.448598130841121	PIK3CA	14	amplicon14	PIK3CA_amplicon14	0.740255817801069	0.713965854051097
mi0105-CRCCL-SNU1197-T	chr3:179224700-179224821	chr3	179224700	179224821	122	0.418032786885246	PIK3CA	15	amplicon15	PIK3CA_amplicon15	0.78388677683821	0.672186954791503
mi0105-CRCCL-SNU1197-T	chr3:179225962-179226040	chr3	179225962	179226040	79	0.329113924050633	PIK3CA	16	amplicon16	PIK3CA_amplicon16	0.710495636293099	0.644692078005959
mi0105-CRCCL-SNU1197-T	chr3:179229272-179229442	chr3	179229272	179229442	171	0.43859649122807	PIK3CA	17	amplicon17	PIK3CA_amplicon17	0.695243317763439	0.634562999215045
mi0105-CRCCL-SNU1197-T	chr3:179230004-179230121	chr3	179230004	179230121	118	0.415254237288136	PIK3CA	18	amplicon18	PIK3CA_amplicon18	0.685154591817255	0.570023308503725
mi0105-CRCCL-SNU1197-T	chr3:179230225-179230376	chr3	179230225	179230376	152	0.342105263157895	PIK3CA	19	amplicon19	PIK3CA_amplicon19	0.737370795911654	0.647447028607905
mi0105-CRCCL-SNU1197-T	chr3:179233289-179233355	chr3	179233289	179233355	67	0.477611940298507	PIK3CA	20	amplicon20	PIK3CA_amplicon20	0.733474925719132	0.838089408088757
mi0105-CRCCL-SNU1197-T	chr3:179234094-179234364	chr3	179234094	179234364	271	0.391143911439114	PIK3CA	21	amplicon21	PIK3CA_amplicon21	0.643670189673149	0.517498436455273
mi0105-CRCCL-SNU1197-T	chr10:87864470-87864548	chr10	87864470	87864548	79	0.405063291139241	PTEN	1	amplicon1	PTEN_amplicon1	-0.357254778110624	-0.479458638000102
mi0105-CRCCL-SNU1197-T	chr10:87894025-87894109	chr10	87894025	87894109	85	0.341176470588235	PTEN	2	amplicon2	PTEN_amplicon2	-0.32166897472546	-0.410086117249082
mi0105-CRCCL-SNU1197-T	chr10:87925513-87925557	chr10	87925513	87925557	45	0.266666666666667	PTEN	3	amplicon3	PTEN_amplicon3	-0.307283406162878	-0.266723410763573
mi0105-CRCCL-SNU1197-T	chr10:87931046-87931089	chr10	87931046	87931089	44	0.386363636363636	PTEN	4	amplicon4	PTEN_amplicon4	-0.303422239633294	-0.428464327509307
mi0105-CRCCL-SNU1197-T	chr10:87933013-87933251	chr10	87933013	87933251	239	0.401673640167364	PTEN	5	amplicon5	PTEN_amplicon5	-0.34886897230802	-0.472946416209627
mi0105-CRCCL-SNU1197-T	chr10:87952118-87952259	chr10	87952118	87952259	142	0.401408450704225	PTEN	6	amplicon6	PTEN_amplicon6	-0.378587717818873	-0.502813616331096
mi0105-CRCCL-SNU1197-T	chr10:87957853-87958019	chr10	87957853	87958019	167	0.437125748502994	PTEN	7	amplicon7	PTEN_amplicon7	-0.403799245124627	-0.470240530900933
mi0105-CRCCL-SNU1197-T	chr10:87960894-87961127	chr10	87960894	87961127	234	0.337606837606838	PTEN	8	amplicon8	PTEN_amplicon8	-0.248676510914	-0.330991857322975
mi0105-CRCCL-SNU1197-T	chr10:87965287-87965472	chr10	87965287	87965472	186	0.397849462365591	PTEN	9	amplicon9	PTEN_amplicon9	-0.200699438444386	-0.326268637931784
mi0105-CRCCL-SNU1197-T	chr18:47841827-47841950	chr18	47841827	47841950	124	0.451612903225806	SMAD2	1	amplicon1	SMAD2_amplicon1	-1.05781042955573	-1.07243183692277
mi0105-CRCCL-SNU1197-T	chr18:47845234-47845484	chr18	47845234	47845484	251	0.374501992031873	SMAD2	2	amplicon2	SMAD2_amplicon2	-0.877618059616966	-0.999472816348804
mi0105-CRCCL-SNU1197-T	chr18:47845663-47845800	chr18	47845663	47845800	138	0.463768115942029	SMAD2	3	amplicon3	SMAD2_amplicon3	-0.997986696223359	-0.963901777651743
mi0105-CRCCL-SNU1197-T	chr18:47848475-47848687	chr18	47848475	47848687	213	0.413145539906103	SMAD2	4	amplicon4	SMAD2_amplicon4	-0.929260723081088	-1.04616661625569
mi0105-CRCCL-SNU1197-T	chr18:47851274-47851327	chr18	47851274	47851327	54	0.462962962962963	SMAD2	5	amplicon5	SMAD2_amplicon5	-0.855300536657179	-0.824895990888837
mi0105-CRCCL-SNU1197-T	chr18:47865059-47865133	chr18	47865059	47865133	75	0.426666666666667	SMAD2	6	amplicon6	SMAD2_amplicon6	-0.856680812215888	-0.954555232499066
mi0105-CRCCL-SNU1197-T	chr18:47868323-47868457	chr18	47868323	47868457	135	0.459259259259259	SMAD2	7	amplicon7	SMAD2_amplicon7	-1.03484472429834	-1.02315926450192
mi0105-CRCCL-SNU1197-T	chr18:47869243-47869436	chr18	47869243	47869436	194	0.417525773195876	SMAD2	8	amplicon8	SMAD2_amplicon8	-1.03294164283285	-1.14536704594032
mi0105-CRCCL-SNU1197-T	chr18:47870473-47870564	chr18	47870473	47870564	92	0.445652173913043	SMAD2	9	amplicon9	SMAD2_amplicon9	-1.00003000730315	-1.03522996491607
mi0105-CRCCL-SNU1197-T	chr18:47896521-47896756	chr18	47896521	47896756	236	0.478813559322034	SMAD2	10	amplicon10	SMAD2_amplicon10	-1.0689488398917	-0.958559367263808
mi0105-CRCCL-SNU1197-T	chr18:51046920-51047023	chr18	51046920	51047023	104	0.336538461538462	SMAD4	1	amplicon1	SMAD4_amplicon1	-0.923162683972982	-1.00355540026863
mi0105-CRCCL-SNU1197-T	chr18:51047047-51047295	chr18	51047047	51047295	249	0.373493975903614	SMAD4	2	amplicon2	SMAD4_amplicon2	-0.993248909716799	-1.11467225002133
mi0105-CRCCL-SNU1197-T	chr18:51048686-51048860	chr18	51048686	51048860	175	0.411428571428571	SMAD4	3	amplicon3	SMAD4_amplicon3	-1.01912980756453	-1.13742498179615
mi0105-CRCCL-SNU1197-T	chr18:51049295-51049324	chr18	51049295	51049324	30	0.4	SMAD4	4	amplicon4	SMAD4_amplicon4	-0.940404047230949	-1.06505153109064
mi0105-CRCCL-SNU1197-T	chr18:51054781-51054993	chr18	51054781	51054993	213	0.47887323943662	SMAD4	5	amplicon5	SMAD4_amplicon5	-1.0612443705716	-0.950458045766178
mi0105-CRCCL-SNU1197-T	chr18:51058125-51058244	chr18	51058125	51058244	120	0.533333333333333	SMAD4	6	amplicon6	SMAD4_amplicon6	-1.09031399879727	-0.957592439681849
mi0105-CRCCL-SNU1197-T	chr18:51058340-51058456	chr18	51058340	51058456	117	0.555555555555556	SMAD4	7	amplicon7	SMAD4_amplicon7	-1.06159761017577	-0.965057657009911
mi0105-CRCCL-SNU1197-T	chr18:51059866-51059916	chr18	51059866	51059916	51	0.509803921568627	SMAD4	8	amplicon8	SMAD4_amplicon8	-0.903707639568023	-0.732405922446215
mi0105-CRCCL-SNU1197-T	chr18:51065423-51065606	chr18	51065423	51065606	184	0.456521739130435	SMAD4	9	amplicon9	SMAD4_amplicon9	-1.10251244185206	-1.10065047802386
mi0105-CRCCL-SNU1197-T	chr18:51067019-51067187	chr18	51067019	51067187	169	0.467455621301775	SMAD4	10	amplicon10	SMAD4_amplicon10	-0.949781268914547	-0.896025362520881
mi0105-CRCCL-SNU1197-T	chr18:51076638-51076811	chr18	51076638	51076811	174	0.505747126436782	SMAD4	11	amplicon11	SMAD4_amplicon11	-0.946481546833562	-0.774560809284176
mi0105-CRCCL-SNU1197-T	chr18:51077307-51077320	chr18	51077307	51077320	14	0.357142857142857	SMAD4	12	amplicon12	SMAD4_amplicon12	-0.978354532368833	-1.08801855736071
mi0105-CRCCL-SNU1197-T	chr18:51078256-51078467	chr18	51078256	51078467	212	0.490566037735849	SMAD4	13	amplicon13	SMAD4_amplicon13	-1.10389872171125	-0.947799143421994
mi0105-CRCCL-SNU1197-T	chr17:7667176-7667425	chr17	7667176	7667425	250	0.424	TP53	1	amplicon1	TP53_amplicon1	-0.753920314565277	-0.856808145037969
mi0105-CRCCL-SNU1197-T	chr17:7669609-7669690	chr17	7669609	7669690	82	0.487804878048781	TP53	2	amplicon2	TP53_amplicon2	-1.04833867496483	-0.9012304249692
mi0105-CRCCL-SNU1197-T	chr17:7670609-7670715	chr17	7670609	7670715	107	0.626168224299065	TP53	3	amplicon3	TP53_amplicon3	-0.90572952380083	-0.88069741791801
mi0105-CRCCL-SNU1197-T	chr17:7673219-7673266	chr17	7673219	7673266	48	0.395833333333333	TP53	4	amplicon4	TP53_amplicon4	-0.857976895715705	-0.984176600718158
mi0105-CRCCL-SNU1197-T	chr17:7673307-7673339	chr17	7673307	7673339	33	0.333333333333333	TP53	5	amplicon5	TP53_amplicon5	-0.99237692366634	-1.0667348154496
mi0105-CRCCL-SNU1197-T	chr17:7673535-7673608	chr17	7673535	7673608	74	0.513513513513514	TP53	6	amplicon6	TP53_amplicon6	-0.967447200819439	-0.797501396316472
mi0105-CRCCL-SNU1197-T	chr17:7673701-7673837	chr17	7673701	7673837	137	0.591240875912409	TP53	7	amplicon7	TP53_amplicon7	-0.981134084196155	-0.922242641344627
mi0105-CRCCL-SNU1197-T	chr17:7674181-7674290	chr17	7674181	7674290	110	0.536363636363636	TP53	8	amplicon8	TP53_amplicon8	-1.02925884483027	-0.903985445729635
mi0105-CRCCL-SNU1197-T	chr17:7674859-7674971	chr17	7674859	7674971	113	0.513274336283186	TP53	9	amplicon9	TP53_amplicon9	-0.925555113485676	-0.75535860661115
mi0105-CRCCL-SNU1197-T	chr17:7675053-7675238	chr17	7675053	7675238	186	0.618279569892473	TP53	10	amplicon10	TP53_amplicon10	-1.02065516334429	-0.991513764475742
mi0105-CRCCL-SNU1197-T	chr17:7675994-7676272	chr17	7675994	7676272	279	0.598566308243728	TP53	11	amplicon11	TP53_amplicon11	-1.10115251695735	-1.05133920644488
mi0105-CRCCL-SNU1197-T	chr17:7676382-7676403	chr17	7676382	7676403	22	0.409090909090909	TP53	12	amplicon12	TP53_amplicon12	-1.27580278387403	-1.39578549908804
mi0105-CRCCL-SNU1197-T	chr17:7676521-7676594	chr17	7676521	7676594	74	0.527027027027027	TP53	13	amplicon13	TP53_amplicon13	-1.31087853455187	-1.16281058894901
